Frases,Tipo texto
Sabes que es amor cuando todo lo que deseas es estar a todas horas con la otra persona y de alguna manera sabes que la otra persona siente lo mismo que tú.,Humano
"Los montañistas entraron en la cabaña. No era muy grande pero era acogedora, con sus grandes ventanales y sus sillones. Javier prendió la chimenea para que se calentara el ambiente y Sandra comenzó a preparar unos bocadillos. Cenaron sentados junto al fuego porque hacía mucho frío.",Humano
"Miguel nunca antes había visto un objeto así. Era una caja azul brillante que no parecía poder abrirse ya que no tenía fisuras o un lugar donde colocar una llave. Parecía ser hueca, porque él la golpeó y retumbó un poco. Parecía que no tenía nada dentro, porque él la agitó y no se escuchaba nada. Era una caja muy misteriosa y Miguel no entendía por qué se la habían dejado en la entrada de su casa.",Humano
"Enzo le preguntó la hora a su colega, pero este no le respondió porque no lo había escuchado. Enzo le hizo la misma pregunta otra vez y su colega le contestó que eran las dos y media. Enzo le dijo que se tenían que apresurar para terminar el trabajo, porque tenían que presentárselo al jefe en menos de una hora, pero su colega, muy tranquilamente, le contestó que tendrían todo listo en diez minutos.",Humano
"El marinero fue hacia la popa, se dio cuenta de que se avecinaba una tormenta y fue corriendo hasta donde estaba el capitán para avisarle que tenían que cambiar de rumbo. El capitán decidió que irían a una isla que conocía y que quedaba cerca del lugar donde estaban. Por suerte, el viento soplaba a favor del nuevo rumbo y no tardaron mucho en llegar.",Humano
"El campo estaba en un valle rodeado de montañas nevadas. Era muy colorido porque había plantaciones de muchos tipos de flores y, por eso, olía muy bien. A la izquierda del camino que cruzaba este extenso lugar había una cabaña que tenía una chimenea que echaba humo. Al lado de la cabaña había dos caballos que tomaban agua de un pequeño arroyo. No había personas fuera de la casa, pero la puerta estaba abierta.",Humano
"El cazador había perdido todas sus herramientas de caza, pero se dio cuenta de que no las necesitaba porque podía alimentarse de las frutas que crecían en los árboles. Se puso muy contento con esta determinación y decidió que, cuando llegara a la ciudad, les diría a sus amigos que no practicaría esta actividad nunca más, porque había aprendido a respetar a la naturaleza.",Humano
"Todas las personas caminaban rápido cuando pasaban por la entrada de la casa abandonada y realmente entiendo el porqué; la casa era aterradora. La entrada tenía una reja pintada de blanco, pero que estaba muy oxidada. En el jardín delantero el pasto estaba quemado y había un camino de piedras hasta la puerta. La puerta tenía dos hojas de madera de dos metros, que se notaba que en algún momento habían sido muy hermosas, pero ya no lo eran. Había cuatro ventanas, dos en la planta baja y dos en la planta alta, que estaban tapiadas. Nadie sabía de quién había sido la casa, era como si siempre hubiera estado así, abandonada.",Humano
"Sonó el timbre y Estela atendió, preguntó quién era, pero nadie contestó. Después se oyó una voz que decía que era Pedro. Estela contestó que no conocía a ningún Pedro y que creía que se estaba confundiendo de timbre. Pedro le preguntó al encargado del edificio si allí vivía Marcos y el portero le contestó que no conocía a nadie con ese nombre que viviera en ese edificio.",Humano
"Gabriela salió a caminar, hizo media cuadra y dobló a la derecha. Vio cómo abrían las tiendas y cómo el sol comenzaba a calentar el asfalto. Siguió caminando hacia el sur, donde se terminaba el asfalto y, por lo tanto, donde se terminaba el pueblo. Al pisar el pasto se sintió mejor porque sabía que ya le faltaba poco para llegar al bosque. Caminó un kilómetro más, hasta que vio los primeros árboles y la orilla del lago.",Humano
"El hotel del centro es el más antiguo del pueblo y también es aquel que tiene más comodidades. Este hotel fue construido en 1911, pero primero se utilizó como casa de familia. En 1975 un inversionista compró esta propiedad y la reformó para transformarla en el hotel que hoy conocemos. Es un hotel pequeño, pero cuenta con servicio a la habitación, con pileta climatizada, con un restaurante de categoría, entre otras cosas.",Humano
"La famosa banda de rock se separó, al menos por un tiempo. Los integrantes declararon en diversos medios que no hubo una pelea, sino que quieren trabajar un tiempo como solitas. Además, en una rueda de prensa, el representante dijo que es probable que el año próximo los músicos se vuelvan a juntar para hacer una gira.",Humano
"Muchas personas creen que los osos polares están en peligro de extinción, pero la denominación correcta sobre la situación de esta especie es que están en situación de conservación vulnerable. De todas formas, es necesario que se actúe rápidamente para evitar que esta especie desaparezca.",Humano
"Las religiones pueden ser monoteístas o politeístas. Las monoteístas son religiones que creen en la existencia de un único dios, por ejemplo, el cristianismo. En cambio, en las religiones politeístas se cree en la existencia de muchos dioses, por ejemplo, el sintoísmo japonés.",Humano
"Los derechos humanos son derechos inherentes a todas las personas, es decir, que una persona tiene estos derechos por el hecho de ser persona. Algunos de estos derechos son el derecho a la vida, el derecho a la libertad y el derecho a la libre expresión.",Humano
"Este sábado se jugará la final del torneo de fútbol. Este evento es muy importante para los deportistas y para los fanáticos, porque se decidirá qué equipo es el campeón nacional de este año. Es muy difícil hacer un pronóstico del resultado, porque ambos equipos tienen muy buenos jugadores.",Humano
"Los especialistas recomiendan que haya un buen sistema de comunicación empresarial para que una compañía esté bien organizada. Establecer un buen sistema de comunicación es fundamental para mejorar la productividad, intercambiar opiniones y resolver inconvenientes.",Humano
"Existen tres modos verbales: indicativo, subjuntivo e imperativo. El modo indicativo se utiliza para narrar hechos, procesos o estados que se consideran reales. El modo subjuntivo se utiliza para expresar sentimientos, pensamientos, emociones, deseos, pedidos, dudas y suposiciones. El modo imperativo se utiliza para dar órdenes y consejos.",Humano
La actividad del sector turístico ha aumentado considerablemente en la ciudad y esto ha generado muy buenos ingresos para las personas que trabajan en este sector. Esta mejora es una consecuencia de que el gobierno haya organizado mejor el circuito turístico y de que haya hecho campañas de difusión de los lugares que se pueden visitar.,Humano
"Mientras la ciencia se pregunta el porqué de las cosas, la tecnología se preocupa más bien por el cómo. Por ejemplo, si la ciencia se pregunta por qué el sol brilla y emite calor, la tecnología se preocupa por cómo podríamos aprovecharnos de estas propiedades.",Humano
"Aunque no lo parezca, la rueda es uno de los primerísimos artefactos tecnológicos de la historia de la humanidad. Su invención se pierde en la memoria de los tiempos, pero es vital para el surgimiento de tecnologías posteriores y para el desarrollo de las primeras máquinas humanas, precursores de la tecnología actual.",Humano
"La temperatura y la presión de los volcanes se incrementa conforme a la posición más profunda, y se puede llegar a reportar temperaturas de alrededor de 5000°C, lo que da la característica típica de los volcanes de ser muy calientes.",Humano
"Era el mejor de los tiempos, era el peor de los tiempos, la edad de la sabiduría, y también de la locura; la época de las creencias y de la incredulidad; la era de la luz y de las tinieblas; la primavera de la esperanza y el invierno de la desesperación. Todo lo poseíamos, pero no teníamos nada; caminábamos en derechura al cielo y nos extraviábamos por el camino opuesto. En una palabra, aquella época era tan parecida a la actual, que nuestras más notables autoridades insisten en que, tanto en lo que se refiere al bien como al mal, sólo es aceptable la comparación en grado superlativo.",Humano
"Hoy ha muerto mamá. O quizá ayer. No lo sé. Recibí un telegrama del asilo: ""Falleció su madre. Entierro mañana. Sentidas condolencias"". Pero no quiere decir nada. Quizá haya sido ayer.",Humano
"He sido cordialmente invitado a formar parte del realismo visceral. Por supuesto, he aceptado. No hubo ceremonia de iniciación. Mejor así. ",Humano
"Si vas a leer esto, no te preocupes. Al cabo de un par de páginas ya no querrás estar aquí. Así que olvídalo. Aléjate. Lárgate mientras sigas entero. Sálvate. Seguro que hay algo mejor en la televisión. O, ya que tienes tanto tiempo libre, a lo mejor puedes hacer un cursillo nocturno. Hazte médico. Puedes hacer algo útil con tu vida. Llévate a ti mismo a cenar. Tíñete el pelo. No te vas a volver más joven. Al principio lo que se cuenta aquí te va a cabrear. Luego se volverá cada vez peor.",Humano
"La candente mañana de febrero en que Beatriz Viterbo murió, después de una imperiosa agonía que no se rebajó un solo instante ni al sentimentalismo ni al miedo, noté que las carteleras de fierro de la Plaza Constitución habían renovado no sé qué aviso de cigarrillos rubios; el hecho me dolió, pues comprendí que el incesante y vasto universo ya se apartaba de ella y que ese cambio era el primero de una serie infinita.",Humano
"El Viajero a través del Tiempo (pues convendrá llamarle así al hablar de él) nos exponía una misteriosa cuestión. Sus ojos grises brillaban lanzando centellas, y su rostro, habitualmente pálido, mostrábase encendido y animado. El fuego ardía fulgurante y el suave resplandor de las lámparas incandescentes, en forma de lirios de plata, se prendía en las burbujas que destellaban y subían dentro de nuestras copas.",Humano
"Muchos años después, frente al pelotón de fusilamiento, el coronel Aureliano Buendía había de recordar aquella tarde remota en que su padre lo llevó a conocer el hielo.",Humano
"Muchos años después, frente al pelotón de fusilamiento, el coronel Aureliano Buendía había de recordar aquella tarde remota en que su padre lo llevó a conocer el hielo.",Humano
"Bastará decir que soy Juan Pablo Castel, el pintor que mató a María Iribarne; supongo que el proceso está en el recuerdo de todos y que no se necesitan mayores explicaciones sobre mi persona.",Humano
"No sabréis quién soy yo si no habéis leído un libro titulado Las aventuras de Tom Sawyer, pero no importa. Ese libro lo escribió el señor Mark Twain y contó la verdad, casi siempre. Algunas cosas las exageró, pero casi siempre dijo la verdad. Eso no es nada.",Humano
"Constituía un placer especial ver las cosas consumidas, ver los objetos ennegrecidos y cambiados. Con la punta de bronce del soplete en sus puños, con aquella gigantesca serpiente escupiendo su petróleo venenoso sobre el mundo, la sangre le latía en la cabeza y sus manos eran las de un fantástico director tocando todas las sinfonías del fuego y de las llamas para destruir los guiñapos y ruinas de la Historia.",Humano
"Estás a punto de empezar a leer la nueva novela de Italo Calvino, Si una noche de invierno un viajero. Relájate. Recógete. Aleja de ti cualquier otra idea. Deja que el mundo que te rodea se esfume enlo indistinto. La puerta es mejor cerrarla; al otro lado siempre está la televisión encendida. Dilo en seguida, a los demás: «¡No, no quiero ver la televisión!» Alza la voz, si no te oyen: «¡Estoy leyendo! ¡No quiero que me molesten!» Quizá no te han oído, con todo ese estruendo; dilo más fuerte, grita: «¡Estoy empezando a leer la nueva novela de Italo Calvino!» O no lo digas si no quieres; esperemos que te dejen en paz.",Humano
"En un agujero en el suelo, vivía un hobbit. No un agujero húmedo, sucio, repugnante, con restos de gusanos y olor a fango, ni tampoco un agujero seco, desnudo y arenoso, sin nada en que sentarse o que comer: era un agujero-hobbit, y eso significa comodidad.",Humano
"Hora crepuscular. Un guardillón con ventano angosto, lleno de sol. Retratos, grabados, autógrafos repartidos por las paredes, sujetos con chinches de dibujante. Conversación lánguida de un hombre ciego y una mujer pelirrubia, triste y fatigada. El hombre ciego es un hiperbólico andaluz, poeta de odas y madrigales, Máximo Estrella. A la pelirrubia, por ser francesa, le dicen en la vecindad Madama Collet.",Humano
"En un lugar de la Mancha, de cuyo nombre no quiero acordarme, no ha mucho tiempo que vivía un hidalgo de los de lanza en astillero, adarga antigua, rocín flaco y galgo corredor. Una olla de algo más vaca que carnero, salpicón las más noches, duelos y quebrantos los sábados, lentejas los viernes, algún palomino de añadidura los domingos, consumían las tres partes de su hacienda. El resto della concluían sayo de velarte, calzas de velludo para las fiestas con sus pantuflos de lo mismo, los días de entre semana se honraba con su vellori de lo más fino. Tenía en su casa una ama que pasaba de los cuarenta, y una sobrina que no llegaba a los veinte, y un mozo de campo y plaza, que así ensillaba el rocín como tomaba la podadera. Frisaba la edad de nuestro hidalgo con los cincuenta años, era de complexión recia, seco de carnes, enjuto de rostro; gran madrugador y amigo de la caza. Quieren decir que tenía el sobrenombre de Quijada o Quesada (que en esto hay alguna diferencia en los autores que deste caso escriben), aunque por conjeturas verosímiles se deja entender que se llama Quijana; pero esto importa poco a nuestro cuento; basta que en la narración dél no se salga un punto de la verdad.",Humano
"Soy un hombre invisible. No, no soy uno de aquellos trasgos que atormentaban a Edgar Allan Poe, ni tampoco uno de esos ectoplasmas de las películas de Hollywood. Soy un hombre real, de carne y hueso, con músculos y humores, e incluso cabe afirmar que poseo una mente. Sabed que si soy invisible ello se debe, tan sólo, a que la gente se niega a verme. Soy como las cabezas separadas del tronco que a veces veis en las barracas de feria, soy como un reflejo de crueles espejos con duros cristales deformantes. Cuantos se acercan a mí únicamente ven lo que me rodea, o inventos de su imaginación. Lo ven todo, cualquier cosa, menos mi persona.",Humano
"Me enamoré del fútbol tal como más adelante me iba a enamorar de las mujeres: de repente, sin explicación, sin hacer ejercicio de mis facultades críticas, sin ponerme a pensar en el dolor y en los sobresaltos que la experiencia traería consigo.",Humano
"Esta noche he visto alzarse la Máquina nuevamente. Era, en la proa, como una puerta abierta sobre el vasto cielo que ya nos traía olores de tierra por sobre un Océano tan sosegado, tan dueño de su ritmo, que la nave, levemente llevada, parecía adormecerse en su rumbo, suspendida entre un ayer y un mañana que se trasladaran con nosotros.",Humano
"Soy un hombre enfermo... Un hombre malo. No soy agradable. Creo que padezco del hígado. De todos modos, nada entiendo de mi enfermedad y no sé con certeza lo que me duele. No me cuido y jamás me he cuidado, aunque siento respeto por la medicina y los médicos. Además, soy extremadamente supersticioso, cuando menos lo bastante para respetar la medicina (tengo suficiente cultura para no ser supersticioso, pero lo soy). Sí, no quiero curarme por rabia. Esto, seguramente, ustedes no lo pueden entender. Pero yo sí lo entiendo.",Humano
"En medio de un paisaje montañoso, el lago sereno y cristalino se encontraba rodeado de altos picos cubiertos de nieve. Las aguas tranquilas reflejaban el cielo azul y las montañas, creando una vista de postal que inspiraba asombro y paz. Los árboles en las orillas mecían sus hojas al compás de la brisa, y el canto de los pájaros llenaba el aire de una serenata natural. Este rincón remoto, alejado del ajetreo de la vida urbana, era un recordatorio de la belleza imperecedera de la naturaleza y un refugio para aquellos que buscaban escapar del estrés cotidiano.",IA
"La historia de la humanidad es una narrativa intrincada de triunfos y tragedias, de avances y retrocesos. Desde las civilizaciones antiguas que forjaron los fundamentos de la sociedad hasta las revoluciones industriales que cambiaron la faz del mundo, cada época ha dejado su huella indeleble en la historia. Los logros científicos, los descubrimientos culturales y los movimientos políticos han dado forma a la evolución de la humanidad a lo largo de los siglos, ofreciendo una visión fascinante de cómo llegamos a ser lo que somos.",IA
"La tecnología ha sido un faro de innovación que ha iluminado el camino hacia el futuro. Desde la invención de la rueda, que revolucionó el transporte, hasta la revolución digital que conecta a personas de todo el mundo en cuestión de segundos, la evolución tecnológica ha sido un viaje impresionante. La inteligencia artificial, la realidad virtual y la exploración espacial son solo ejemplos de cómo la humanidad continúa desafiando los límites de lo posible.",IA
"El arte, en todas sus formas, ha sido una fuente inagotable de inspiración y expresión. Desde las pinturas rupestres en cuevas prehistóricas hasta las obras maestras de la época renacentista y las creaciones contemporáneas, el arte trasciende el tiempo y la cultura. Cada pincelada, cada nota musical y cada palabra escrita llevan consigo la esencia de la creatividad humana.",IA
"La música, en particular, tiene el don de evocar emociones profundas. Las sinfonías de compositores como Ludwig van Beethoven y las letras emotivas de músicos como Bob Dylan han tocado el corazón de las personas y han servido como banda sonora de la vida. La música trasciende las barreras del lenguaje y nos conecta en un nivel fundamental.",IA
"A medida que el sol se ponía en el horizonte, el detective de homicidios, John McClaren, miraba el oscuro callejón lleno de sombras. Las luces de neón destellaban en la distancia, y el olor a humedad llenaba el aire. En ese oscuro rincón de la ciudad, se encontraba con el escenario del crimen más enigmático de su carrera.",IA
"En el corazón de una selva inexplorada, donde la vegetación era tan densa que apenas dejaba pasar la luz del sol, un grupo de expedicionarios se abría camino con machetes. Su objetivo era descubrir una civilización perdida, una leyenda que había intrigado a arqueólogos y aventureros durante generaciones. Mientras avanzaban a través de la espesura, los sonidos de la jungla y el zumbido de los insectos llenaban el aire. Pero lo que encontrarían más allá de los densos helechos y las lianas colgantes cambiaría su comprensión de la historia de la humanidad para siempre.",IA
"En una ciudad futurista donde la tecnología había avanzado más allá de la imaginación, un joven científico trabajaba incansablemente en su laboratorio subterráneo. Había descubierto una forma revolucionaria de viajar en el tiempo, pero su invención era peligrosa y planteaba preguntas éticas fundamentales. Mientras los poderes gubernamentales y corporativos intentaban apoderarse de su descubrimiento, él se debatía entre la promesa de cambiar el pasado y el temor de alterar el curso de la historia de la humanidad de manera irreversible.",IA
"El reloj marcaba la medianoche en una mansión antigua, cuyas paredes estaban empapadas de historias de fantasmas y tragedias. Un grupo de amigos, escépticos de lo paranormal, había decidido pasar la noche en la mansión para desafiar sus miedos. A medida que las horas pasaban, comenzaron a escuchar susurros y ver sombras que se movían en las esquinas oscuras de la casa. Lo que comenzó como un desafío se convirtió en una lucha por su cordura mientras la mansión revelaba sus secretos más oscuros.",IA
"El último habitante de un pequeño pueblo en el oeste de Estados Unidos era un anciano que había vivido allí durante décadas. La población había disminuido gradualmente a medida que los jóvenes se marchaban en busca de oportunidades en la ciudad. Pero cuando llegó un desconocido con una oferta para comprar la tierra, el anciano se aferró a su hogar y a los recuerdos que contenía. A medida que luchaba contra los intentos de desalojo, comenzó a desentrañar la historia oculta de su pueblo y a entender por qué era tan importante que nunca se rindiera.",IA
"En un mundo en el que la privacidad había desaparecido y todas las emociones se medían y regulaban cuidadosamente, un grupo de rebeldes clandestinos estaba a punto de iniciar una revolución. Utilizando tecnología clandestina, podían sentir emociones genuinas y recordar un tiempo en que la humanidad era libre. A medida que ganaban seguidores y desafiaban el sistema totalitario, se encontraron en una lucha desesperada por la libertad de sentir y recordar, antes de que fueran atrapados por las implacables fuerzas del estado.",IA
"En una pequeña aldea en la campiña inglesa, un apacible relojero vivía una vida tranquila y solitaria. Pero un día, al abrir un antiguo reloj de bolsillo que había estado en su familia durante generaciones, descubrió un mecanismo secreto que lo transportaba a través del tiempo. A medida que exploraba diferentes épocas y vivía vidas alternas, se dio cuenta de que había una razón detrás de esta misteriosa herencia, y que su destino estaba entrelazado con la historia misma.",IA
"En una colonia espacial en los confines del sistema solar, una epidemia mortal había estallado, amenazando la supervivencia de los colonos. A medida que las comunicaciones con la Tierra se rompían y las reservas de alimentos disminuían, un grupo de científicos y médicos se enfrentaba a una carrera contrarreloj para encontrar una cura y salvar a su comunidad. Pero lo que descubrieron en el proceso cambiaría su comprensión de la colonización espacial y la verdadera naturaleza de su entorno.",IA
"En el tumultuoso París de la década de 1920, un grupo de artistas, escritores y bohemios se reunía en un café en el Barrio Latino. Entre ellos, una joven pintora talentosa luchaba por encontrar su voz artística en un mundo dominado por hombres. A medida que su arte cobraba vida y desafiaba las convenciones de la sociedad, también descubría el poder del amor y la amistad en un París efervescente de creatividad y pasión.",IA
"En un mundo donde la Tierra había perdido gran parte de su habitabilidad debido al cambio climático y la contaminación, la humanidad se había refugiado en ciudades submarinas para sobrevivir. Un científico marino se encontraba en una misión desesperada para encontrar una solución que permitiera a la humanidad regresar a la superficie. Pero en su búsqueda, descubrió secretos oscuros sobre el pasado de la humanidad que podrían cambiar todo lo que sabía sobre su sociedad y su supervivencia.",IA
"En el tranquilo pueblo de Havenbrook, donde las estaciones pasaban sin sobresaltos y las caras eran amigas conocidas, una niña de ojos inusualmente azules llegó al orfanato local en circunstancias misteriosas. Los habitantes del pueblo estaban intrigados por su llegada, pero a medida que la niña crecía, comenzaron a notar eventos inexplicables que la rodeaban. Era como si ella trajera consigo una magia inexplicable que estaba a punto de desatar una serie de eventos extraordinarios en Havenbrook.",IA
"En un laboratorio subterráneo en los Alpes suizos, un grupo de científicos había logrado abrir un agujero de gusano hacia otra dimensión, pero lo que emergió de ese portal desafiaría su comprensión de la realidad y amenazaría a toda la humanidad.",IA
"En el siglo XXII, la humanidad había colonizado otros planetas, y la Tierra había quedado en un estado de decadencia y abandono. Una nave espacial, la ""Arca de la Esperanza"", fue construida como un último esfuerzo para salvar a la humanidad. Sin embargo, cuando la nave partió hacia un planeta habitable en un sistema estelar distante, nadie anticipó los desafíos intergalácticos que enfrentarían ni las verdades inquietantes que descubrirían sobre el pasado de la humanidad.",IA
"En el laberinto de pasadizos bajo la antigua Roma, un esclavo que trabajaba en las catacumbas descubrió una puerta secreta que lo llevó a un mundo subterráneo oculto durante siglos. Allí, se encontró con una sociedad de renegados, científicos y exiliados que habían creado una civilización subterránea avanzada, y se enfrentó a una elección que cambiaría su vida y el destino de la ciudad eterna.",IA
"En el tranquilo pueblo costero de Nantucket, donde la vida parecía moverse al ritmo de las mareas, un farero solitario llevaba a cabo su tarea de encender el faro cada noche. Pero una noche, mientras observaba el horizonte, vio un resplandor en el océano que no era un barco. Era una criatura mítica, un kraken gigantesco que emergía de las profundidades y desencadenaba una serie de eventos que desafiarían la percepción de la realidad y la resistencia de la comunidad.",IA
"En un mundo donde la magia era real y los magos eran considerados los guardianes del conocimiento, un joven huérfano descubrió por casualidad un grimorio antiguo que le otorgaba un poder increíble. A medida que su habilidad mágica crecía, se vio envuelto en una conspiración ancestral y se convirtió en el blanco de las fuerzas oscuras que deseaban su poder.",IA
"En un rincón olvidado de los Apalaches, un grupo de personas había formado una comunidad autosuficiente en armonía con la naturaleza. Vivían en paz, pero sus vidas estaban marcadas por visiones misteriosas y sueños compartidos. Cuando una serie de catástrofes naturales amenazó su estilo de vida, emprendieron una búsqueda para comprender su conexión con la tierra y descubrieron que eran guardianes de un antiguo poder.",IA
"En la Europa de la Edad Media, donde la brujería era perseguida y temida, una joven curandera que poseía habilidades mágicas secretas se convirtió en la última esperanza de su pueblo cuando una plaga asoló la región. Mientras luchaba por salvar a su comunidad, se vio arrastrada a un mundo de conspiraciones, hechicería oscura y secretos ancestrales.",IA
"En una prisión de máxima seguridad en una isla remota, un prisionero que había sido condenado injustamente pasó décadas planeando su fuga. Pero cuando finalmente escapó, se encontró en un mundo que había cambiado drásticamente y se vio obligado a desentrañar una conspiración global que lo había llevado a prisión y que amenazaba la paz mundial.",IA
"En una sociedad futurista donde la realidad virtual había reemplazado la vida real para la mayoría de las personas, un hacker talentoso descubrió una puerta secreta en el ciberespacio que lo llevó a una dimensión desconocida. Allí, se encontró con otros ""desconectados"" que habían resistido la seducción de la realidad virtual y que estaban luchando contra una inteligencia artificial que controlaba el mundo digital.",IA
"La lluvia caía sin piedad sobre el tejado del antiguo faro, mientras el farero solitario, Samuel, observaba el oscuro océano en busca de cualquier señal de peligro. Durante años, había sido el guardián silencioso de la costa, pero esa noche, un naufragio en las aguas embravecidas desencadenaría una serie de eventos que cambiarían su vida para siempre.",IA
"En la elegante Viena del siglo XIX, una joven pianista prodigio, ciega desde su nacimiento, había cautivado a la alta sociedad con su talento. Sin embargo, sus actuaciones no eran solo un tributo a la música, sino también un misterioso ritual que abría portales a otros mundos. Cuando un compositor ambicioso descubrió su secreto, se desató una serie de eventos sobrenaturales que desafiarían su comprensión de la realidad.",IA
"En el corazón de una megaciudad del futuro, la realidad virtual había reemplazado la vida real para la mayoría de la población. Un joven programador de realidad virtual descubrió un ""código fuente"" que le permitía controlar la realidad misma. A medida que experimentaba con su nueva habilidad, se dio cuenta de que tenía el poder de cambiar el mundo, pero también desencadenaría una lucha por el control de la realidad.",IA
"En una comunidad amish aislada en Pennsylvania, un joven descubrió accidentalmente una radio y comenzó a escuchar música y noticias del mundo exterior. Su curiosidad lo llevó a cuestionar las tradiciones de su comunidad y lo llevó a un viaje de autodescubrimiento que lo enfrentó a un dilema entre la lealtad a su familia y su deseo de explorar el mundo más allá.",IA
"En un laboratorio de investigación secreto en el Ártico, un grupo de científicos estaba trabajando en un experimento para crear un agujero de gusano que les permitiría explorar otros universos. Cuando lograron abrir una puerta a una dimensión paralela, descubrieron una realidad distorsionada donde la historia de la humanidad había tomado un rumbo sorprendente y a menudo aterrador. Ahora, debían encontrar una manera de regresar a su propio mundo antes de que las realidades se entrelazaran irremediablemente.",IA
"En el tranquilo rincón de un pequeño pueblo, una anciana llamada Isabella tejía con destreza y amor un suéter especial. Cada punto en la prenda era un recuerdo de momentos compartidos con su difunto esposo, quien solía llevarla en los fríos inviernos. Con cada puntada, Isabella revivía esos instantes de felicidad, y cuando finalmente terminó el suéter, lo colocó en el respaldo de una vieja silla junto a la ventana. Las tardes pasaban, y la suave lana se convirtió en su compañera constante mientras observaba el mundo exterior. En ese suéter, encontró consuelo y alegría, y la magia de los recuerdos tejidos con hilo y aguja le recordó que el amor perdura a través del tiempo.",IA
"En un bosque misterioso y antiguo, un joven llamado Ethan descubrió un portal secreto. Al atravesarlo, se encontró en un mundo de criaturas mágicas y paisajes deslumbrantes. Pronto, entabló amistad con un dragón amable llamado Aurora y juntos emprendieron un viaje para restaurar la armonía en su reino. A lo largo de su aventura, enfrentaron desafíos, conocieron a seres extraordinarios y, lo más importante, descubrieron la verdadera fuerza de la amistad y la magia que reside en el corazón de cada ser.",IA
"Marco, un joven aventurero, decidió embarcarse en un viaje épico a través de océanos y continentes en busca de un tesoro legendario. A lo largo de su travesía, enfrentó tormentas desgarradoras y criaturas míticas, pero también encontró aliados inesperados y aprendió valiosas lecciones sobre perseverancia. Finalmente, en una isla remota, descubrió el tesoro, que resultó ser mucho más que riquezas materiales: era un antiguo libro que contenía secretos para la paz y la prosperidad del mundo. Regresó a casa como un héroe, compartiendo las enseñanzas del libro y ayudando a forjar un futuro mejor.",IA
"En el fondo del jardín de una antigua mansión, Emily descubrió una puerta mágica que la transportaba a un mundo de maravillas. Allí, las flores cantaban, los animales hablaban y la naturaleza respondía a sus deseos. Emily visitaba el jardín secreto todos los días, y con el tiempo, sus visitas comenzaron a sanar el jardín, que había estado marchitando durante siglos debido a la negligencia. Con su amor y cuidado, el jardín floreció nuevamente, y Emily comprendió que la verdadera magia estaba en el poder de la conexión con la naturaleza.",IA
"En un pequeño pueblo enclavado en las montañas, los habitantes ansiaban ver un cometa desde hace generaciones. Un día, un niño llamado Miguel, obsesionado por el cosmos, construyó un telescopio casero y pasaba noches enteras mirando el cielo estrellado. Finalmente, su paciencia fue recompensada cuando un cometa brillante cruzó el firmamento. Miguel, emocionado, compartió su descubrimiento con la aldea, y pronto organizaron un festival de cometas que atrajo a personas de todas partes. El evento no solo unió a la comunidad, sino que también inspiró a las generaciones futuras a explorar el universo y perseguir sus sueños.",IA
"En un mundo donde los colores se habían desvanecido, una joven llamada Luna emprendió un viaje para encontrar el arco iris perdido, la fuente de toda la belleza y vitalidad en su tierra. Con determinación y una paleta de pinturas mágicas, Luna recorrió desiertos y bosques sombríos. A lo largo de su viaje, conoció a criaturas encantadoras y restauró gradualmente los colores en el mundo. Finalmente, llegó al lugar donde el arco iris se ocultaba, y con un acto de bondad desinteresada, lo liberó para que iluminara el mundo una vez más.",IA
"En el desván de su abuela, Mia descubrió un antiguo baúl lleno de cartas, fotografías y recuerdos de la juventud de su abuela. Mientras exploraba estos tesoros del pasado, Mia aprendió sobre las aventuras de su abuela, sus amores y desafíos. Con cada carta leída y fotografía vista, el vínculo entre ellas se fortaleció. Mia se dio cuenta de la importancia de preservar la historia familiar y cómo los recuerdos pueden unir generaciones, inspirándola a crear sus propios momentos especiales con su abuela.",IA
"En un mundo donde la naturaleza estaba desapareciendo, una joven llamada Maya se embarcó en una misión para encontrar el último bosque encantado, hogar de criaturas mágicas en peligro de extinción. Con valentía y determinación, protegió el bosque de la codicia humana y restauró el equilibrio en la naturaleza. Su historia inspiró a otros a cuidar el planeta y recordó la importancia de preservar la belleza de la Tierra para las generaciones futuras.",IA
"En un observatorio solitario en el desierto, un joven llamado Theo soñaba con volar a las estrellas. Con la guía de un anciano astrónomo, aprendió a construir un cohete y emprendió un viaje al espacio. Al alcanzar las estrellas, descubrió mundos lejanos y bellezas inimaginables. De vuelta en la Tierra, compartió sus experiencias y enseñó a otros que los sueños no tienen límites cuando se persiguen con determinación.",IA
"En un pueblo donde la música era prohibida, una joven llamada Elena desafió la norma y comenzó a tocar el violín en secreto. Su música mágica conmovió a los corazones de las personas y reveló la belleza de la expresión artística. Pronto, la música llenó las calles, y la comunidad redescubrió la alegría de la armonía y el ritmo, recordando que la creatividad y la pasión son esenciales para el alma.",IA
"En un tranquilo jardín, un anciano llamado Samuel era el guardián de las mariposas, criaturas mágicas que llevaban los sueños de las personas. Cuando las mariposas comenzaron a desaparecer, Samuel emprendió un viaje para descubrir la causa y salvar a las mariposas. En su búsqueda, encontró un enigmático bosque encantado donde las mariposas eran prisioneras de sus propios miedos. Con paciencia y amor, liberó a las mariposas y les devolvió su esplendor, enseñando al mundo que los sueños florecen cuando se enfrentan los miedos.",IA
"En un parque de la ciudad, un rincón especial conocido como el ""Rincón de los Deseos"" permitía a las personas dejar mensajes y deseos en un árbol mágico. Un día, Emily, una niña con un deseo sincero, escribió una nota pidiendo que su madre, enferma en el hospital, se recuperara. La comunidad se unió, y los deseos se hicieron realidad. El rincón se convirtió en un lugar donde los sueños se tejían en la realidad, recordando a todos el poder de la esperanza y la comunidad.",IA
"En una aldea en las montañas, la leyenda hablaba de las estrellas que cantaban en las noches claras. Una joven llamada Isabella estaba decidida a escuchar este canto celestial y pasó años estudiando las constelaciones. Finalmente, una noche, las estrellas comenzaron a cantar, y la música llenó el cielo y el corazón de todos los habitantes de la aldea. Isabella demostró que con perseverancia, incluso los sueños más grandes pueden hacerse realidad.",IA
"En una ciudad donde los sueños se hacían realidad, los habitantes vivían en un constante estado de felicidad. Pero un día, los sueños comenzaron a desvanecerse, y la tristeza se apoderó de la ciudad. Una niña llamada Sofia emprendió un viaje a través del laberinto de la imaginación para restaurar los sueños perdidos. Con valentía y creatividad, devolvió la magia a la ciudad y recordó a todos que los sueños son la esencia de la vida.",IA
"Un pequeño robot llamado BIP se aventuró en el vasto mundo, curioso por descubrir el significado de la vida. En su travesía, conoció a seres humanos, animales y máquinas, y aprendió lecciones sobre empatía y amistad. Finalmente, comprendió que el propósito de la vida reside en la conexión y en hacer del mundo un lugar mejor a través del amor y la comprensión.",IA
"En un reino mágico, las estaciones del año eran personajes vivos que danzaban en un ciclo eterno. Sin embargo, cuando la Primavera se enamoró del Invierno, la armonía se rompió. Un grupo de jóvenes decidieron ayudar a las estaciones a encontrar la paz, y a través de su determinación, lograron reconciliar a las estaciones, permitiendo que la belleza de cada una floreciera en su momento adecuado.",IA
"En el corazón de la ciudad yacía una biblioteca abandonada que todos habían olvidado. Un día, Lucy, una apasionada lectora, entró por casualidad y descubrió una colección de libros mágicos que podían llevarla a mundos inexplorados. Con cada libro que leía, se convertía en una heroína de una nueva aventura. A medida que compartía sus descubrimientos con la comunidad, la biblioteca cobró vida nuevamente, recordando a todos la maravilla de la lectura.",IA
"En medio del océano había una isla mágica donde los deseos se hacían realidad. Una niña llamada Sofia llegó a la isla con un deseo especial: curar a su hermano enfermo. A través de desafíos y amistades inesperadas, Sofia encontró el poder de la esperanza y la valentía, y su hermano se recuperó. La isla recordó a todos que los deseos más profundos se cumplen cuando se busca con el corazón abierto.",IA
"En un mundo donde el tiempo estaba en constante movimiento, un relojero llamado Benjamin tenía el don de ralentizarlo y disfrutar cada momento. Con su sabiduría, enseñó a la gente a apreciar la belleza de la vida y la importancia de vivir en el presente, recordándoles que el tiempo es un regalo preciado.",IA
"En un desierto sediento, una niña llamada Isabella soñaba con devolver la lluvia al mundo. Con determinación, emprendió un viaje a través del desierto, recogiendo gotas de rocío y construyendo un gigantesco sistema de riego. Cuando finalmente logró hacer llover, el desierto floreció nuevamente, y Isabella recordó a todos que la perseverancia puede traer vida a los lugares más áridos.",IA
"En un bosque mágico, los árboles susurraban secretos a aquellos que escuchaban con el corazón. Una niña llamada Maya visitaba el bosque a menudo y aprendía de sus susurros, lo que la convertía en la mejor consejera de la aldea. Maya demostró que el verdadero conocimiento reside en la naturaleza y la sabiduría de los corazones abiertos.",IA
"En una ciudad donde los sueños eran más valiosos que el oro, un niño llamado Daniel se embarcó en un viaje para encontrar el sueño más elusivo de todos: el sueño de la felicidad. Viajó a través de mundos oníricos, enfrentando pesadillas y desafíos, hasta que finalmente encontró su sueño en una isla de risas y sonrisas. Cuando regresó a su ciudad, compartió su sueño con los demás, inspirándolos a buscar la felicidad en sus propios sueños.",IA
"En un mundo lejano, la magia residía en las estrellas del cielo. Cada cien años, las estrellas caían a la Tierra y se convertían en objetos de gran valor. Una niña llamada Isabella decidió cambiar esto y propuso recolectar las estrellas en el cielo en lugar de esperar que cayeran. Con la ayuda de su comunidad, crearon una red de estrellas que iluminó su mundo y les recordó que pueden crear su propio destino.",IA
"En un pueblo silencioso donde la música estaba prohibida, un pájaro especial con plumaje dorado llegó un día. Su canto era tan hermoso que la gente no pudo evitar escucharlo y, gradualmente, la música llenó las calles. El pájaro, llamado Melodía, inspiró a todos a redescubrir la alegría de la música y el poder de la expresión artística.",IA
"En una aldea rodeada por un denso bosque, las luciérnagas eran las guardianas de la luz y la belleza. Cuando una tormenta destruyó el hábitat de las luciérnagas, una joven llamada Eva decidió construir pequeños refugios para ellas. Con el tiempo, las luciérnagas florecieron nuevamente y pintaron el bosque con su resplandor, recordando a todos que incluso en la oscuridad, la luz puede surgir de la compasión.",IA
"En una ciudad cubierta por una perpetua oscuridad, las luces de las estrellas eran el único resplandor en la vida de sus habitantes. Sin embargo, una niña llamada Lila anhelaba la luz del día y se embarcó en una búsqueda para encontrarla. Con valentía, escaló montañas y atravesó un oscuro bosque, finalmente alcanzando la salida de la ciudad. Cuando la primera luz del sol tocó su rostro, la ciudad se llenó de asombro y asombro. Lila demostró que incluso en los momentos más oscuros, la esperanza puede prevalecer.",IA
"En un exuberante jardín, una pequeña oruga llamada Clara soñaba con volar alto en el cielo. A través de la paciencia y la transformación, Clara se convirtió en una hermosa mariposa y, al emprender su primer vuelo, descubrió la belleza del mundo desde las alturas. Inspirada por su propia metamorfosis, enseñó a todos en el jardín que el cambio y la perseverancia son las claves para alcanzar los sueños.",IA
"Hechas, pues, estas prevenciones, no quiso aguardar más tiempo a poner en efecto su pensamiento, apretándole a ello la falta que él pensaba que hacía en el mundo su tardanza, según eran los agravios que pensaba deshacer, tuertos que enderezar, sinrazones que enmendar, y abusos que mejorar, y deudas que satisfacer; y así, sin dar parte a persona alguna de su intención, y sin que nadie le viese, una mañana, antes del día (que era uno de los calurosos del mes de Julio), se armó de todas sus armas, subió sobre Rocinante, puesta su mal compuesta celada, embrazó su adarga, tomó su lanza, y por la puerta falsa de un corral, salió al campo con grandísimo contento y alborozo de ver con cuánta facilidad había dado principio a su buen deseo.",Humano
"Luego volvía diciendo, como si verdaderamente fuera enamorado: «¡Oh, princesa Dulcinea, señora de este cautivo corazón! Mucho agravio me habedes fecho en despedirme y reprocharme con el riguroso afincamiento de mandarme no parecer ante la vuestra fermosura. Plégaos, señora, de membraros de este vuestro sujeto corazón, que tantas cuitas por vuestro amor padece.",Humano
"No comas ajos ni cebollas, porque no saquen por el olor tu villanería. Anda despacio; habla con resposo; pero no de manera que parezca que te escuchas a ti mismo; que toda afectación es mala. Come poco y cena más poco; que la salud de todo el cuerpo se fragua en la oficina del estómago. Sé templado en el beber, considerando que el vino demasiado ni guarda secreto, ni cumple palabra. Ten cuenta, Sancho, de no mascar a dos carrillos, ni de erutar delante de nadie",Humano
"La libertad, Sancho, es uno de los más preciosos dones que a los hombres dieron los cielos; con ella no pueden igualarse los tesoros que encierra la tierra ni el mar encubre; por la libertad, así como por la honra se puede y debe aventurar la vida, y, por el contrario, el cautiverio es el mayor mal que puede venir a los hombres",Humano
"Porque influenciar a una persona es darle nuestra propia alma. Esta no tendrá sus propios pensamientos, y se incendiará con sus propias pasiones. Sus virtudes no serán reales, sus pecados, si existen los pecados, serán prestados. Se convierte en el eco de la música de otro, el actor de una parte que no ha sido escrita para él. El objetivo de la vida es el desarrollo de su propio yo. Encontrar su naturaleza apropiada, es esto por lo que cada uno de nosotros estamos aquí. El mundo tiene miedo de sí mismo, se han olvidado de la mayor de todas las obligaciones, la propia. Claro que son caritativos, alimentan al hambriento, y visten a los mendigos. Pero su propio ser está famélico y desnudo.",Humano
"Mientras el pintor contemplaba la refinada y encantadora figura que con tanta habilidad había reflejado su arte, una sonrisa de satisfacción pasó por su rostro y pareció querer demorarse en él. Pero de repente se incorporó y, cerrando los ojos, puso los dedos sobre sus párpados, como si quisiese aprisionar en su cerebro algún curioso sueño del que temiera despertarse.",Humano
"Desde la esquina del diván hecho de alforjas persas sobre el que estaba tumbado, fumando, como en él era costumbre, cigarrillo tras cigarrillo, Lord Henry Wotton podía divisar el resplandor de las flores suaves como la miel y de color miel de un laburno, cuyas trémulas ramas apenas parecían capaces de soportar el peso de una belleza tan llameante como la suya; y de vez en cuando las sombras fantásticas de los pájaros en vuelo cruzaban las largas cortinas de seda de tusor colgadas frente al inmenso ventanal, produciendo una especie de pasajero efecto japonés, y haciéndole pensar en esos pintores de Tokio, de rostro pálido como el jade, que, por medio de un arte necesariamente inmóvil, tratan de transmitir la sensación de rapidez y movimiento.",Humano
"Cuando Gregorio Samsa despertó aquella mañana, luego de un sueño agitado, se encontró en su cama convertido en un insecto monstruoso. Estaba echado sobre el quitinoso caparazón de su espalda, y al levantar un poco la cabeza, vio la figura convexa de su vientre oscuro, surcado por curvadas durezas, cuya prominencia apenas si podía aguantar la colcha, visiblemente a punto de escurrirse hasta el suelo. Innumerables patas, lamentablemente escuálidas en comparación con el grosor ordinario de sus piernas, ofrecían a sus ojos el espectáculo de una agitación sin consistencia.",Humano
"No era un sueño. Su habitación, una auténtica habitación humana, si bien algo pequeña, permanecía tranquila entre las cuatro paredes harto conocidas. Por encima de la mesa, sobre la que se encontraba extendido un muestrario de paños desempaquetados -Samsa era viajante de comercio-, estaba colgado aquel cuadro que hacía poco había recortado de una revista y había colocado en un bonito marco dorado. Representaba a una dama ataviada con un sombrero y una boa de piel, que estaba allí, sentada muy erguida y levantaba hacia el observador un pesado manguito de piel, en el cual había desaparecido su antebrazo.",Humano
"Sintió sobre el vientre un leve picor, con la espalda se deslizó lentamente más cerca de la cabecera de la cama para poder levantar mejor la cabeza; se encontró con que la parte que le picaba estaba totalmente cubierta por unos pequeños puntos blancos, que no sabía a qué se debían, y quiso palpar esa parte con una pata, pero inmediatamente la retiró, porque el roce le producía escalofríos.",Humano
"Attreyu vio ante sí una gigantesca caverna en la montaña, en la que el agua negra salpicaba y chapoteaba, porque algo se movía allí dentro. Salió lentamente y se dió cuenta de que era una cabeza unida a un cuello largo y arrugado: la cabeza de una tortuga. Sus ojos eran grandes como charcos negros, su hocico chorreaba fango y algas. Toda aquella Montaña de Cuerno, Attreyu lo comprendió de pronto, era un único y monstruoso animal, una formidable tortuga de pantano: ¡la Vetusta Morla!, el ser más viejo de Fantasía.",Humano
"Quien no haya pasado tardes enteras delante de un libro, con las orejas ardiéndole y el pelo caído por la cara, leyendo y leyendo, olvidado del mundo y sin darse cuenta de que tenía hambre o se estaba quedando helado... Quien nunca haya leído en secreto a la luz de una linterna, bajo la manta, porque Papá o Mamá o alguna otra persona solícita le ha apagado la luz con el argumento bien intencionado de que tiene que dormir, porque mañana hay que levantarse tempranito... Quien nunca haya llorado abierta o disimuladamente lágrimas amargas, porque una historia maravillosa acaba y había que decir adiós a personajes con los que había corrido tantas aventuras, a los que quería y admiraba, por los que había temido y rezado, y sin cuya compañía la vida le parecería vacía y sin sentido. ",Humano
"Cogió el libro y lo miró por todos lados. Las tapas eran de color cobre y brillaban al mover el libro. Al hojearlo por encima, vio que el texto estaba impreso en dos colores. No parecía tener ilustraciones, pero sí unas letras iniciales de capítulo grandes y hermosas. Mirando con más atención la portada, descubrió en ella dos serpientes, una clara y otra oscura, que se mordían mutuamente la cola formando un óvalo. Y en ese óvalo, en letras caprichosamente entrelazadas, estaba el título: La Historia Interminable.",Humano
"Las pasiones humanas son un misterio, y a los niños les pasa lo mismo que a los mayores. Los que se dejan llevar por ellas no pueden explicárselas, y los que no las han vivido no pueden comprenderlas. Hay hombres que se juegan la vida para subir a una montaña. Nadie, ni siquiera ellos, puede explicar realmente por qué. Otros se arruinan para conquistar el corazón de una persona que no quiere saber nada de ellos. Otros se destruyen a sí mismos por no saber resistir los placeres de la mesa... o de la botella. Algunos pierden cuanto tienen para ganar en un juego de azar, o lo sacrifican todo a una idea fija que jamás podrá realizarse. Unos cuantos creen que sólo serían felices en algún lugar distinto, y recorren el mundo durante toda su vida. Y unos pocos no descansan hasta que consiguen ser poderosos. En resumen: hay tantas pasiones distintas como personas distintas hay.",Humano
"Tú no eres para mí todavía más que un muchachito igual a otros cien mil muchachitos y no te necesito para nada. Tampoco tú tienes necesidad de mí y no soy para ti más que un zorro entre otros cien mil zorros semejantes. Pero si tú me domesticas, entonces tendremos necesidad el uno del otro. Tú serás para mí único en el mundo, yo seré para ti único en el mundo.",Humano
"Mi vida es muy monótona. Cazo gallinas y los hombres me cazan a mí. Todas las gallinas se parecen y todos los hombres son iguales; por consiguiente me aburro un poco. Si tú me domesticas, mi vida estará llena de sol. Conoceré el rumor de unos pasos diferentes a todos los demás. Los otros pasos me hacen esconder bajo la tierra; los tuyos me llamarán fuera de la madriguera como una música. Y además, ¡mira! ¿Ves allá abajo los campos de trigo? Yo no como pan y por lo tanto el trigo es para mí algo inútil. Los campos de trigo no me recuerdan nada y eso me pone triste. ¡Pero tú tienes los cabellos dorados y será algo maravilloso cuando me domestiques! El trigo, que es dorado también, será un recuerdo de ti. Y amaré el ruido del viento en el trigo.",Humano
"Las personas grandes aman las cifras. Cuando les habláis de un nuevo amigo, no os interrogan jamás sobre lo esencial. Jamás os dicen: ‘¿Cómo es el timbre de su voz? ¿Cuáles son los juegos que prefiere? ¿Colecciona mariposas?’. En cambio, os preguntan: ‘¿Qué edad tiene? ¿Cuántos hermanos tiene? ¿Cuánto pesa? ¿Cuánto gana su padre?’. Sólo entonces creen conocerle",Humano
"Han pasado ya veinticuatro horas desde ese día estúpido, ¡y cuánto jaleo, escándalo, bulle-bulle y aspaviento! ¡Qué confusión, qué embrollo, qué necedad, qué ordinariez ha habido en esto, de todo lo cual he sido yo la causa! A veces, sin embargo, me parece cosa de risa, a mí por lo menos. No consigo explicarme lo que me sucedió: ¿estaba, en efecto, fuera de mí o simplemente me salí un momento del carril y me porté como un patán merecedor de que lo aten? A veces me parece que estoy ido de la cabeza, pero otras creo que soy un chicuelo no muy lejos todavía del banco de la escuela, y que lo que hago son sólo burdas chiquilladas de escolar. Ha sido Polina, todo ello ha sido obra de Polina. Sin ella no hubiera habido esas travesuras. ¡Quién sabe! Acaso lo hice por desesperación (por muy necio que parezca suponerlo). No comprendo, no comprendo en qué consiste su atractivo. En cuanto a hermosa, lo es, debe de serlo, porque vuelve locos a otros hombres.",Humano
"Ha pasado ya casi un mes desde que toqué por última vez estos apuntes míos que comencé bajo el efecto de impresiones tan fuertes como confusas. La catástrofe, cuya inminencia presentía, se produjo efectivamente, pero cien veces más devastadora e inesperada de lo que había pensado. En todo ello había algo extraño, ruin y hasta trágico, por lo menos en lo que a mí atañía. Me ocurrieron algunos lances casi milagrosos, o así los he considerado desde entonces, aunque bien mirado y, sobre todo, a juzgar por el remolino de sucesos a que me vi arrastrado entonces, quizá ahora quepa decir solamente que no fueron del todo ordinarios. Para mí, sin embargo, lo más prodigioso fue mi propia actitud ante estas peripecias. ¡Hasta ahora no he logrado comprenderme a mí mismo! Todo ello pasó flotando como un sueño, incluso mi pasión, que fue pujante y sincera, pero... ¿qué ha sido ahora de ella? Es verdad que de vez en cuando cruza por mi mente la pregunta: «¿No estaba loco entonces? ¿No pasé todo ese tiempo en algún manicomio, donde quizá todavía estoy, hasta tal punto que todo eso me pareció que pasaba y aun ahora sólo me parece que pasó?",Humano
"Ahora bien, no sé por qué extraño capricho, cuando noté que el rojo había salido siete veces seguidas, continué apostando a él. Estoy convencido de que en ello terció un tanto el amor propio: quería asombrar a los mirones con mi arrojo insensato y -¡oh, extraño sentimiento!- recuerdo con toda claridad que, efectivamente, sin provocación alguna de mi orgullo, me sentí de repente arrebatado por una terrible apetencia de riesgo. Quizá después de experimentar tantas sensaciones, mi espíritu no estaba todavía saciado, sino sólo azuzado por ellas, y exigía todavía más sensaciones, cada vez más fuertes, hasta el agotamiento final. Y, de veras que no miento: si las reglas del juego me hubieran permitido apostar cincuenta mil florines de una vez, los hubiera apostado seguramente. En torno mío gritaban que esto era insensato, que el rojo había salido por decimocuarta vez.",Humano
"Una ilusión, una sombra, una ficción, y el mayor bien es pequeño: que toda la vida es sueño, y los sueños, sueños son. Ojos en que reverbera la estrella crepuscular, ojos verdes como el mar, como el mar en la ribera: ojos de lumbre hechicera que ignoráis lo que es llorar, glorificad mi pesar. ¡No me desoléis así!",Humano
